Timestamp;fresh
2023-06-18 16:44:36;0.5
2023-06-18 16:44:45;0.4
2023-06-18 16:44:54;0.5
2023-06-18 16:45:03;0.6
2023-06-18 16:45:13;0.5
2023-06-18 16:45:22;0.5
2023-06-18 16:45:31;0.5
2023-06-18 16:45:40;0.5
2023-06-18 17:03:27;0.6
2023-06-18 17:03:35;0.5
2023-06-18 17:03:45;0.6
2023-06-18 17:03:54;0.6
2023-06-18 17:04:03;0.6
2023-06-18 17:04:12;0.6
2023-06-18 17:04:22;0.6
2023-06-18 17:04:33;0.6
2023-06-18 17:04:42;0.6
2023-06-18 17:04:51;0.5
2023-06-18 17:05:00;0.5
2023-06-18 17:05:09;0.6
2023-06-18 17:05:18;0.5
2023-06-18 17:05:29;0.5
2023-06-18 17:05:39;0.5
2023-06-18 17:05:48;0.6
2023-06-18 17:05:58;0.6
2023-06-18 17:06:09;0.5
2023-06-18 17:06:18;0.5
2023-06-18 17:06:28;0.6
2023-06-18 17:06:38;0.5
2023-06-18 17:06:48;0.6
2023-06-18 17:06:57;0.6
2023-06-18 17:07:06;0.5
2023-06-18 17:07:16;0.5
2023-06-18 17:07:26;0.6
2023-06-18 17:07:35;0.6
2023-06-18 17:07:44;0.6
2023-06-18 17:07:54;0.6
2023-06-18 17:08:03;0.5
2023-06-18 17:08:12;0.5
2023-06-18 17:08:22;0.6
2023-06-18 17:08:31;0.5
2023-06-18 17:08:40;0.5
2023-06-18 17:08:51;0.5
2023-06-18 17:09:01;0.5
2023-06-18 17:09:11;0.5
2023-06-18 17:09:21;0.5
2023-06-18 17:09:31;0.6
2023-06-18 17:09:40;0.6
2023-06-18 17:09:52;0.6
2023-06-18 17:10:03;0.6
2023-06-18 17:10:13;0.6
2023-06-18 17:10:22;0.5
2023-06-18 17:10:33;0.7
2023-06-18 17:10:42;0.5
2023-06-18 17:10:53;0.5
2023-06-18 17:11:03;0.6
2023-06-18 17:11:13;0.5
2023-06-18 17:11:23;0.4
2023-06-18 17:11:32;0.6
2023-06-18 17:11:41;0.5
2023-06-18 17:11:51;0.5
2023-06-18 17:12:00;0.5
2023-06-18 17:12:11;0.5
2023-06-18 17:12:20;0.5
2023-06-18 17:12:30;0.6
2023-06-18 17:12:40;0.5
2023-06-18 17:12:49;0.5
2023-06-18 17:12:59;0.5
2023-06-18 17:13:08;0.6
2023-06-18 17:13:19;0.5
2023-06-18 17:13:28;0.5
2023-06-18 17:13:38;0.5
2023-06-18 17:13:48;0.5
2023-06-18 17:13:58;0.5
2023-06-18 17:14:08;0.5
2023-06-18 17:14:19;0.5
2023-06-18 17:14:31;0.5
2023-06-18 17:14:43;0.6
2023-06-18 17:14:54;0.5
2023-06-18 17:15:06;0.4
2023-06-18 17:15:18;0.5
2023-06-18 17:15:35;0.5
2023-06-18 17:15:49;0.5
2023-06-18 17:16:02;0.5
2023-06-18 17:16:15;0.5
2023-06-18 17:16:27;0.5
2023-06-18 17:16:39;0.4
2023-06-18 17:16:53;0.6
2023-06-18 17:17:05;0.4
2023-06-18 17:17:17;0.6
2023-06-18 17:17:30;0.5
2023-06-18 17:17:42;0.5
2023-06-18 17:17:55;0.5
2023-06-18 17:18:08;0.5
2023-06-18 17:18:20;0.6
2023-06-18 17:18:33;0.5
2023-06-18 17:18:46;0.5
2023-06-18 17:18:58;0.5
2023-06-18 17:19:11;0.5
2023-06-18 17:19:24;0.7
2023-06-18 17:19:36;0.6
2023-06-18 17:19:49;0.5
2023-06-18 17:20:02;0.5
2023-06-18 17:20:15;0.5
2023-06-18 17:20:28;0.5
2023-06-18 17:20:41;0.5
2023-06-18 17:20:54;0.5
2023-06-18 17:21:07;0.6
2023-06-18 17:21:19;0.6
2023-06-18 17:21:32;0.6
2023-06-18 17:21:45;0.7
2023-06-18 17:21:58;0.7
2023-06-18 17:35:38;0.6
2023-06-18 17:35:47;0.6
2023-06-18 17:35:56;0.6
2023-06-18 17:36:05;0.6
2023-06-18 17:36:14;0.6
2023-06-18 17:36:26;0.6
2023-06-18 17:36:36;0.6
2023-06-18 17:36:46;0.6
2023-06-18 17:36:56;0.6
2023-06-18 17:37:05;0.6
2023-06-18 17:37:15;0.6
2023-06-18 17:37:24;0.6
2023-06-18 17:37:33;0.6
2023-06-18 17:37:42;0.5
2023-06-18 17:37:52;0.6
2023-06-18 17:38:02;0.5
2023-06-18 17:38:13;0.6
2023-06-18 17:38:25;0.6
2023-06-18 17:38:35;0.6
2023-06-18 17:38:44;0.6
2023-06-18 17:38:54;0.6
2023-06-18 17:39:04;0.6
2023-06-18 17:39:14;0.6
2023-06-18 17:39:24;0.6
2023-06-18 17:39:33;0.6
2023-06-18 17:39:43;0.6
2023-06-18 17:39:52;0.6
2023-06-18 17:40:02;0.6
2023-06-18 17:40:12;0.6
2023-06-18 17:40:22;0.5
2023-06-18 17:40:31;0.5
2023-06-18 17:40:42;0.6
2023-06-18 17:40:52;0.6
2023-06-18 17:41:01;0.6
2023-06-18 17:41:11;0.6
2023-06-18 17:41:20;0.6
2023-06-18 17:41:29;0.6
2023-06-18 17:41:38;0.5
2023-06-18 17:41:48;0.6
2023-06-18 17:41:57;0.5
2023-06-18 17:42:07;0.5
2023-06-18 17:42:18;0.5
2023-06-18 17:42:28;0.5
2023-06-18 17:42:38;0.5
2023-06-18 17:42:49;0.6
2023-06-18 17:42:59;0.6
2023-06-18 17:43:10;0.5
2023-06-18 17:43:21;0.5
2023-06-18 17:43:31;0.5
2023-06-18 17:43:43;0.5
2023-06-18 17:43:52;0.5
2023-06-18 17:44:03;0.5
2023-06-18 17:44:14;0.5
2023-06-18 17:44:25;0.5
2023-06-18 17:44:35;0.5
2023-06-18 17:44:45;0.5
2023-06-18 17:44:56;0.5
2023-06-18 17:45:07;0.5
2023-06-18 17:45:17;0.5
2023-06-18 17:45:28;0.5
2023-06-18 17:45:38;0.5
2023-06-18 17:45:49;0.5
2023-06-18 17:45:59;0.5
2023-06-18 17:46:09;0.5
2023-06-18 17:46:20;0.5
2023-06-18 17:46:30;0.5
2023-06-18 17:46:42;0.5
2023-06-18 17:46:54;0.6
2023-06-18 17:47:05;0.5
2023-06-18 17:47:18;0.5
2023-06-18 17:47:31;0.6
2023-06-18 17:47:44;0.5
2023-06-18 17:47:57;0.5
2023-06-18 17:48:10;0.6
2023-06-18 17:48:24;0.5
2023-06-18 17:48:36;0.5
2023-06-18 17:48:50;0.5
2023-06-18 17:49:04;0.5
2023-06-18 17:49:17;0.5
2023-06-18 17:49:31;0.5
2023-06-18 17:49:44;0.5
2023-06-18 17:49:56;0.5
2023-06-18 17:50:11;0.5
2023-06-18 17:50:24;0.5
2023-06-18 17:50:39;0.5
2023-06-18 17:50:53;0.6
2023-06-18 17:51:07;0.4
2023-06-18 17:51:20;0.5
2023-06-18 17:51:33;0.5
2023-06-18 17:51:46;0.6
2023-06-18 17:51:59;0.5
2023-06-18 17:52:13;0.5
2023-06-18 17:52:29;0.5
2023-06-18 17:52:42;0.6
2023-06-18 17:52:56;0.5
2023-06-18 17:53:09;0.6
2023-06-18 17:53:22;0.5
2023-06-18 17:53:35;0.5
2023-06-18 17:53:49;0.5
2023-06-18 17:54:04;0.4
2023-06-18 17:54:18;0.5
2023-06-18 17:54:33;0.5
2023-06-18 17:54:47;0.5
2023-06-18 17:55:02;0.4
2023-06-18 17:55:17;0.5
2023-06-18 17:55:32;0.4
2023-06-18 17:55:48;0.5
2023-06-18 17:56:03;0.5
2023-06-18 17:56:19;0.5
2023-06-18 17:56:33;0.4
2023-06-18 17:56:48;0.5
2023-06-18 17:57:03;0.5
2023-06-18 17:57:19;0.4
2023-06-18 17:57:33;0.5
2023-06-18 17:57:47;0.5
2023-06-18 17:58:02;0.5
2023-06-18 17:58:18;0.5
2023-06-18 17:58:33;0.5
2023-06-18 17:58:48;0.4
2023-06-18 17:59:03;0.5
2023-06-18 17:59:18;0.5
2023-06-18 17:59:33;0.5
2023-06-18 17:59:48;0.5
2023-06-18 18:00:04;0.5
2023-06-18 18:00:19;0.5
2023-06-18 18:00:35;0.5
2023-06-18 18:00:50;0.5
2023-06-18 18:01:06;0.5
2023-06-18 18:01:21;0.5
2023-06-18 18:01:39;0.5
2023-06-18 18:01:58;0.5
2023-06-18 18:02:17;0.4
2023-06-18 18:02:34;0.5
2023-06-18 18:02:51;0.5
2023-06-18 18:03:08;0.5
2023-06-18 18:03:25;0.4
2023-06-18 18:03:43;0.5
2023-06-18 18:04:00;0.5
2023-06-18 18:04:17;0.6
2023-06-18 18:04:35;0.6
2023-06-18 18:04:53;0.5
2023-06-18 18:05:10;0.6
2023-06-18 18:05:28;0.5
2023-06-18 18:05:46;0.5
2023-06-18 18:06:04;0.5
2023-06-18 18:06:22;0.5
2023-06-18 18:06:40;0.5
2023-06-18 18:06:57;0.6
2023-06-18 18:07:15;0.5
2023-06-18 18:07:32;0.5
2023-06-18 18:07:49;0.4
2023-06-18 18:08:07;0.4
2023-06-18 18:08:25;0.5
2023-06-18 18:08:43;0.5
2023-06-18 18:09:01;0.6
2023-06-18 18:09:20;0.6
2023-06-18 18:09:38;0.6
2023-06-18 18:09:56;0.6
2023-06-18 18:10:15;0.6
2023-06-18 18:10:34;0.6
2023-06-18 18:10:52;0.5
2023-06-18 18:11:11;0.6
2023-06-18 18:11:29;0.5
2023-06-18 18:11:47;0.6
2023-06-18 18:12:05;0.5
2023-06-18 18:12:23;0.6
2023-06-18 18:12:41;0.6
2023-06-18 18:12:59;0.6
2023-06-18 18:13:18;0.5
2023-06-18 18:13:37;0.7
2023-06-18 18:13:56;0.7
2023-06-18 18:14:15;0.5
2023-06-18 18:14:34;0.6
2023-06-18 18:14:54;0.6
2023-06-18 18:15:13;0.6
2023-06-18 18:15:31;0.6
2023-06-18 18:15:49;0.6
2023-06-18 18:16:07;0.6
2023-06-18 18:16:26;0.6
2023-06-18 18:16:44;0.7
2023-06-18 18:17:05;0.6
2023-06-18 18:17:26;0.7
2023-06-18 18:17:49;0.7
2023-06-18 18:18:11;0.7
2023-06-18 18:18:34;0.7
2023-06-18 18:18:55;0.7
2023-06-18 18:19:16;0.7
2023-06-18 18:19:35;0.7
2023-06-18 18:19:54;0.7
2023-06-18 18:20:13;0.7
2023-06-18 18:20:37;0.7
2023-06-18 18:20:57;0.7
2023-06-18 18:21:17;0.7
2023-06-18 18:21:39;0.7
2023-06-18 18:21:58;0.7
2023-06-18 18:22:18;0.7
2023-06-18 18:22:37;0.7
2023-06-18 18:22:57;0.7
2023-06-18 18:23:16;0.7
2023-06-18 18:23:38;0.7
2023-06-18 18:23:57;0.7
2023-06-18 18:24:16;0.7
2023-06-18 18:24:36;0.7
2023-06-18 18:24:57;0.7
2023-06-18 18:25:17;0.7
2023-06-18 18:25:37;0.6
2023-06-18 18:25:58;0.7
2023-06-18 18:26:22;0.7
2023-06-18 18:26:47;0.7
2023-06-18 18:27:11;0.7
2023-06-18 18:27:35;0.7
2023-06-18 18:27:57;0.7
2023-06-18 18:28:17;0.7
2023-06-18 18:28:39;0.7
2023-06-18 18:28:59;0.7
2023-06-18 18:29:21;0.7
2023-06-18 18:29:41;0.7
2023-06-18 18:30:02;0.7
2023-06-18 18:30:23;0.7
2023-06-18 18:30:44;0.7
2023-06-18 18:31:05;0.7
2023-06-18 18:31:26;0.7
2023-06-18 18:31:47;0.6
2023-06-18 18:32:08;0.7
2023-06-18 18:32:30;0.7
2023-06-18 18:32:51;0.7
2023-06-18 18:33:12;0.7
2023-06-18 18:33:35;0.7
2023-06-18 18:34:00;0.7
2023-06-18 18:34:25;0.7
2023-06-18 18:34:51;0.7
2023-06-18 18:35:16;0.7
2023-06-18 18:35:42;0.7
2023-06-18 18:36:07;0.7
2023-06-18 18:36:33;0.7
2023-06-18 18:36:59;0.7
2023-06-18 18:37:25;0.7
2023-06-18 18:37:50;0.7
2023-06-18 18:38:13;0.7
2023-06-18 18:38:35;0.7
2023-06-18 18:38:58;0.7
2023-06-18 18:39:19;0.7
2023-06-18 18:39:44;0.7
2023-06-18 18:40:12;0.7
2023-06-18 18:40:39;0.7
2023-06-18 18:41:04;0.7
2023-06-18 18:41:31;0.7
2023-06-18 18:41:57;0.7
2023-06-18 18:42:24;0.7
2023-06-18 18:42:51;0.7
2023-06-18 18:43:17;0.7
2023-06-18 18:43:44;0.7
2023-06-18 18:44:10;0.7
2023-06-18 18:44:37;0.7
2023-06-18 18:45:03;0.7
2023-06-18 18:45:32;0.7
2023-06-18 18:45:58;0.7
2023-06-18 18:46:23;0.7
2023-06-18 18:46:51;0.7
2023-06-18 18:47:13;0.7
2023-06-18 18:47:36;0.7
2023-06-18 18:47:59;0.7
2023-06-18 18:48:22;0.7
2023-06-18 18:48:46;0.7
2023-06-18 18:49:15;0.7
2023-06-18 18:49:38;0.7
2023-06-18 18:50:01;0.7
2023-06-18 18:50:24;0.7
2023-06-18 18:50:50;0.7
2023-06-18 18:51:14;0.7
2023-06-18 18:51:37;0.7
2023-06-18 18:52:00;0.7
2023-06-18 18:52:23;0.7
2023-06-18 18:52:46;0.7
2023-06-18 18:53:09;0.7
2023-06-18 18:53:36;0.7
2023-06-18 18:54:04;0.7
2023-06-18 18:54:32;0.7
2023-06-18 18:55:00;0.7
2023-06-18 18:55:25;0.7
2023-06-18 18:55:51;0.7
2023-06-18 18:56:17;0.7
2023-06-18 18:56:45;0.7
2023-06-18 18:57:13;0.7
2023-06-18 18:57:42;0.7
2023-06-18 18:58:13;0.7
2023-06-18 18:58:42;0.7
2023-06-18 18:59:10;0.7
2023-06-18 18:59:38;0.7
2023-06-18 19:00:06;0.7
2023-06-18 19:00:35;0.7
2023-06-18 19:01:03;0.7
2023-06-18 19:01:32;0.7
2023-06-18 19:02:00;0.7
2023-06-18 19:02:29;0.7
2023-06-18 19:02:57;0.7
2023-06-18 19:03:28;0.7
2023-06-18 19:03:58;0.7
2023-06-18 19:04:26;0.7
2023-06-18 19:04:54;0.7
2023-06-18 19:05:23;0.7
2023-06-18 19:05:52;0.7
2023-06-18 19:06:21;0.7
2023-06-18 19:06:49;0.7
2023-06-18 19:07:18;0.7
2023-06-18 19:07:47;0.7
2023-06-18 19:08:16;0.7
2023-06-18 19:08:45;0.7
2023-06-18 19:09:15;0.7
2023-06-18 19:09:44;0.7
2023-06-18 19:10:13;0.7
2023-06-18 19:10:42;0.7
2023-06-18 19:11:11;0.7
2023-06-18 19:11:40;0.7
2023-06-18 19:12:10;0.7
2023-06-18 19:12:39;0.7
2023-06-18 19:13:08;0.7
2023-06-18 19:13:37;0.7
2023-06-18 19:14:06;0.7
2023-06-18 19:14:36;0.7
2023-06-18 19:15:05;0.7
2023-06-18 19:15:35;0.7
2023-06-18 19:16:04;0.7
2023-06-18 19:16:34;0.7
2023-06-18 19:17:03;0.7
2023-06-18 19:17:33;0.7
2023-06-18 19:18:03;0.7
2023-06-18 19:18:32;0.7
2023-06-18 19:19:02;0.7
2023-06-18 19:19:31;0.7
2023-06-18 19:20:02;0.7
2023-06-18 19:20:31;0.7
2023-06-18 19:21:02;0.7
2023-06-18 19:21:31;0.7
2023-06-18 19:22:01;0.7
2023-06-18 19:22:32;0.7
2023-06-18 19:23:02;0.7
2023-06-18 19:23:32;0.7
2023-06-18 19:24:03;0.7
2023-06-18 19:24:33;0.7
2023-06-18 19:25:03;0.7
2023-06-18 19:25:34;0.7
2023-06-18 19:26:04;0.7
2023-06-18 19:26:35;0.7
2023-06-18 19:27:05;0.7
2023-06-18 19:27:36;0.7
2023-06-18 19:28:07;0.7
2023-06-18 19:28:37;0.7
2023-06-18 19:29:07;0.7
2023-06-18 19:29:38;0.7
2023-06-18 19:30:08;0.7
2023-06-18 19:30:39;0.7
2023-06-18 19:31:10;0.7
2023-06-18 19:31:40;0.7
2023-06-18 19:32:11;0.7
2023-06-18 19:32:41;0.7
2023-06-18 19:33:12;0.7
2023-06-18 19:33:43;0.7
2023-06-18 19:34:14;0.7
2023-06-18 19:34:46;0.7
2023-06-18 19:35:17;0.7
2023-06-18 19:35:48;0.7
2023-06-18 19:36:20;0.7
2023-06-18 19:36:51;0.7
2023-06-18 19:37:22;0.7
2023-06-18 19:37:54;0.7
2023-06-18 19:38:26;0.7
2023-06-18 19:38:57;0.7
2023-06-18 19:39:29;0.7
2023-06-18 19:40:00;0.7
2023-06-18 19:40:32;0.7
2023-06-18 19:41:04;0.7
2023-06-18 19:41:36;0.7
2023-06-18 19:42:08;0.7
2023-06-18 19:42:40;0.7
2023-06-18 19:43:13;0.7
2023-06-18 19:43:45;0.7
2023-06-18 19:44:17;0.7
2023-06-18 19:44:50;0.7
2023-06-18 19:45:22;0.7
2023-06-18 19:45:56;0.7
2023-06-18 19:46:30;0.7
2023-06-18 19:47:03;0.7
2023-06-18 19:47:36;0.7
2023-06-18 19:48:08;0.7
2023-06-18 19:48:40;0.7
2023-06-18 19:49:13;0.7
2023-06-18 19:49:45;0.7
2023-06-18 19:50:18;0.7
2023-06-18 19:50:51;0.7
2023-06-18 19:51:25;0.7
2023-06-18 19:52:01;0.7
2023-06-18 19:52:36;0.7
2023-06-18 19:53:11;0.6
2023-06-18 19:53:45;0.7
2023-06-18 19:54:18;0.7
2023-06-18 19:54:52;0.7
2023-06-18 19:55:24;0.7
2023-06-18 19:55:58;0.7
2023-06-18 19:56:31;0.7
2023-06-18 19:57:04;0.7
2023-06-18 19:57:37;0.7
2023-06-18 19:58:08;0.7
2023-06-18 19:58:36;0.7
2023-06-18 19:59:09;0.7
2023-06-18 19:59:41;0.7
2023-06-18 20:00:15;0.7
2023-06-18 20:00:48;0.7
2023-06-18 20:01:22;0.7
2023-06-18 20:01:55;0.7
2023-06-18 20:02:29;0.7
2023-06-18 20:03:01;0.7
2023-06-18 20:03:36;0.7
2023-06-18 20:04:09;0.7
2023-06-18 20:04:44;0.7
2023-06-18 20:05:18;0.7
2023-06-18 20:05:53;0.7
2023-06-18 20:06:30;0.7
2023-06-18 20:07:05;0.7
2023-06-18 20:07:40;0.7
2023-06-18 20:08:14;0.7
2023-06-18 20:08:49;0.7
2023-06-18 20:09:24;0.7
2023-06-18 20:09:59;0.7
2023-06-18 20:10:34;0.7
2023-06-18 20:11:10;0.7
2023-06-18 20:11:40;0.7
2023-06-18 20:12:11;0.7
2023-06-18 20:12:46;0.7
2023-06-18 20:13:22;0.7
2023-06-18 20:13:57;0.7
2023-06-18 20:14:33;0.7
2023-06-18 20:15:08;0.7
2023-06-18 20:15:45;0.7
2023-06-18 20:16:20;0.7
2023-06-18 20:16:57;0.7
2023-06-18 20:17:34;0.7
2023-06-18 20:18:10;0.7
2023-06-18 20:18:45;0.7
2023-06-18 20:19:22;0.7
2023-06-18 20:19:58;0.7
2023-06-18 20:20:35;0.7
2023-06-18 20:21:12;0.7
2023-06-18 20:21:48;0.7
2023-06-18 20:22:25;0.7
2023-06-18 20:23:01;0.7
2023-06-18 20:23:37;0.7
2023-06-18 20:24:14;0.7
2023-06-18 20:24:51;0.7
2023-06-18 20:25:28;0.7
2023-06-18 20:26:05;0.7
2023-06-18 20:26:43;0.7
2023-06-18 20:27:19;0.7
2023-06-18 20:27:56;0.7
2023-06-18 20:28:32;0.7
2023-06-18 20:29:16;0.7
2023-06-18 20:29:57;0.7
2023-06-18 20:30:33;0.7
2023-06-18 20:31:06;0.7
2023-06-19 08:58:51;0.6
2023-06-19 08:59:14;0.6
2023-06-19 08:59:37;0.6
2023-06-19 08:59:50;0.6
2023-06-19 09:00:04;0.6
2023-06-19 09:42:58;0.6
2023-06-19 09:43:09;0.6
2023-06-19 09:43:19;0.6
2023-06-19 09:43:30;0.6
2023-06-19 09:43:40;0.6
2023-06-19 09:43:50;0.6
2023-06-19 09:44:01;0.6
2023-06-19 09:44:12;0.6
2023-06-19 09:44:22;0.6
2023-06-19 09:44:32;0.6
2023-06-19 09:44:43;0.6
2023-06-19 09:44:53;0.6
2023-06-19 09:45:04;0.6
2023-06-19 09:45:15;0.6
2023-06-19 09:45:25;0.6
2023-06-19 09:45:35;0.6
2023-06-19 09:45:46;0.6
2023-06-19 09:45:56;0.6
2023-06-19 09:46:07;0.6
2023-06-19 09:46:17;0.6
2023-06-19 09:46:27;0.6
2023-06-19 09:46:38;0.6
2023-06-19 09:46:49;0.6
2023-06-19 09:46:59;0.5
2023-06-19 09:47:10;0.6
2023-06-19 09:47:21;0.6
2023-06-19 09:47:32;0.6
2023-06-19 09:47:42;0.5
2023-06-19 09:47:53;0.6
2023-06-19 09:48:03;0.6
2023-06-19 09:48:13;0.6
2023-06-19 09:48:24;0.6
2023-06-19 09:48:35;0.6
2023-06-19 09:48:46;0.6
2023-06-19 09:48:56;0.6
2023-06-19 09:49:07;0.6
2023-06-19 09:49:17;0.6
2023-06-19 09:49:28;0.6
2023-06-19 09:49:38;0.6
2023-06-19 09:49:49;0.6
2023-06-19 09:50:00;0.6
2023-06-19 09:50:10;0.6
2023-06-19 09:50:21;0.6
2023-06-19 09:50:33;0.6
2023-06-19 09:50:45;0.6
2023-06-19 09:50:56;0.6
2023-06-19 09:51:07;0.6
2023-06-19 09:51:17;0.6
2023-06-19 09:51:27;0.6
2023-06-19 09:51:38;0.6
2023-06-19 09:51:47;0.6
2023-06-19 09:51:57;0.6
2023-06-19 09:52:07;0.5
2023-06-19 09:52:18;0.6
2023-06-19 09:52:28;0.6
2023-06-19 09:52:38;0.6
2023-06-19 09:52:48;0.5
2023-06-19 09:52:58;0.6
2023-06-19 09:53:08;0.6
2023-06-19 09:53:18;0.6
2023-06-19 09:53:28;0.6
2023-06-19 09:53:37;0.6
2023-06-19 09:53:48;0.6
2023-06-19 09:53:58;0.6
2023-06-19 09:54:07;0.6
2023-06-19 09:54:17;0.6
2023-06-19 09:54:28;0.6
2023-06-19 09:54:38;0.6
2023-06-19 09:54:48;0.6
2023-06-19 09:54:59;0.6
2023-06-19 09:55:09;0.6
2023-06-19 09:55:19;0.6
2023-06-19 09:55:29;0.6
2023-06-19 09:55:41;0.6
2023-06-19 09:55:56;0.6
2023-06-19 09:56:15;0.5
2023-06-19 09:56:30;0.6
2023-06-19 09:56:42;0.6
2023-06-19 09:56:53;0.6
2023-06-19 09:57:08;0.6
2023-06-19 09:57:23;0.6
2023-06-19 09:57:45;0.6
2023-06-19 09:57:59;0.5
2023-06-19 09:58:14;0.6
2023-06-19 09:58:27;0.6
2023-06-19 09:58:38;0.6
2023-06-19 09:58:51;0.6
2023-06-19 09:59:03;0.6
2023-06-19 09:59:15;0.6
2023-06-19 09:59:27;0.6
2023-06-19 09:59:47;0.6
2023-06-19 09:59:59;0.6
2023-06-19 10:00:10;0.6
2023-06-19 10:00:21;0.6
2023-06-19 10:00:34;0.6
2023-06-19 10:00:47;0.6
2023-06-19 10:00:59;0.6
2023-06-19 10:01:10;0.6
2023-06-19 10:01:22;0.6
2023-06-19 10:01:34;0.6
2023-06-19 10:01:49;0.6
2023-06-19 10:02:02;0.6
2023-06-19 10:02:13;0.6
2023-06-19 10:02:28;0.6
2023-06-19 10:02:56;0.6
2023-06-19 10:03:27;0.6
2023-06-19 10:03:49;0.6
2023-06-19 10:04:06;0.6
2023-06-19 10:04:27;0.6
2023-06-19 10:04:47;0.6
2023-06-19 10:05:05;0.6
2023-06-19 10:05:26;0.6
2023-06-19 10:05:43;0.6
2023-06-19 10:05:59;0.6
2023-06-19 10:06:18;0.6
2023-06-19 10:06:34;0.6
2023-06-19 10:06:49;0.6
2023-06-19 10:07:07;0.6
2023-06-19 10:07:24;0.6
2023-06-19 10:07:41;0.6
2023-06-19 10:07:57;0.6
2023-06-19 10:08:13;0.6
2023-06-19 10:08:30;0.6
2023-06-19 10:08:45;0.6
2023-06-19 10:09:00;0.6
2023-06-19 10:09:15;0.5
2023-06-19 10:09:30;0.6
2023-06-19 10:09:45;0.6
2023-06-19 10:10:05;0.6
2023-06-19 10:10:20;0.6
2023-06-19 10:10:34;0.6
2023-06-19 10:10:49;0.6
2023-06-19 10:11:03;0.6
2023-06-19 10:11:17;0.5
2023-06-19 10:11:32;0.6
2023-06-19 10:11:46;0.6
2023-06-19 10:12:00;0.6
2023-06-19 10:12:14;0.6
2023-06-19 10:12:28;0.6
2023-06-19 10:12:43;0.6
2023-06-19 10:12:57;0.6
2023-06-19 10:13:11;0.6
2023-06-19 10:13:25;0.6
2023-06-19 10:13:40;0.6
2023-06-19 10:13:55;0.6
2023-06-19 10:14:09;0.6
2023-06-19 10:14:24;0.6
2023-06-19 10:14:39;0.6
2023-06-19 10:14:55;0.6
2023-06-19 10:15:10;0.6
2023-06-19 10:15:26;0.6
2023-06-19 10:15:42;0.6
2023-06-19 10:15:58;0.6
2023-06-19 10:16:15;0.6
2023-06-19 10:16:31;0.6
2023-06-19 10:16:47;0.6
2023-06-19 10:17:04;0.6
2023-06-19 10:17:20;0.6
2023-06-19 10:17:37;0.6
2023-06-19 10:17:54;0.6
2023-06-19 10:18:13;0.6
2023-06-19 10:18:38;0.6
2023-06-19 10:19:05;0.6
2023-06-19 10:19:27;0.6
2023-06-19 10:19:48;0.6
2023-06-19 10:20:10;0.6
2023-06-19 10:20:34;0.6
2023-06-19 10:20:52;0.6
2023-06-19 10:21:08;0.6
2023-06-19 10:21:26;0.6
2023-06-19 10:21:43;0.6
2023-06-19 10:22:00;0.6
2023-06-19 10:22:16;0.6
2023-06-19 10:22:34;0.6
2023-06-19 10:22:51;0.6
2023-06-19 10:23:09;0.6
2023-06-19 10:23:27;0.6
2023-06-19 10:23:45;0.6
2023-06-19 10:24:02;0.6
2023-06-19 10:24:21;0.6
2023-06-19 10:24:40;0.5
2023-06-19 10:24:58;0.6
2023-06-19 10:25:17;0.6
2023-06-19 10:25:35;0.6
2023-06-19 10:25:54;0.6
2023-06-19 10:26:13;0.6
2023-06-19 10:26:32;0.6
2023-06-19 10:26:52;0.5
2023-06-19 10:27:12;0.5
2023-06-19 10:27:31;0.6
2023-06-19 10:27:51;0.6
2023-06-19 10:28:10;0.6
2023-06-19 10:28:29;0.6
2023-06-19 10:28:48;0.6
2023-06-19 10:29:08;0.6
2023-06-19 10:29:27;0.6
2023-06-19 10:29:47;0.6
2023-06-19 10:30:06;0.5
2023-06-19 10:30:26;0.5
2023-06-19 10:30:47;0.6
2023-06-19 10:31:08;0.6
2023-06-19 10:31:28;0.6
2023-06-19 10:31:48;0.5
2023-06-19 10:32:09;0.5
2023-06-19 10:32:30;0.5
2023-06-19 10:32:49;0.6
2023-06-19 10:33:07;0.6
2023-06-19 10:33:27;0.5
2023-06-19 10:33:46;0.5
2023-06-19 10:34:04;0.5
2023-06-19 10:34:23;0.6
2023-06-19 10:34:42;0.5
2023-06-19 10:35:01;0.5
2023-06-19 10:35:21;0.6
2023-06-19 10:35:48;0.5
2023-06-19 10:36:10;0.6
2023-06-19 10:36:32;0.6
2023-06-19 10:36:54;0.6
2023-06-19 10:37:20;0.6
2023-06-19 10:37:41;0.5
2023-06-19 10:38:00;0.6
2023-06-19 10:38:19;0.5
2023-06-19 10:38:37;0.6
2023-06-19 10:38:57;0.5
2023-06-19 10:39:16;0.6
2023-06-19 10:39:35;0.6
2023-06-19 10:39:54;0.6
2023-06-19 10:40:14;0.6
2023-06-19 10:40:33;0.6
2023-06-19 10:40:54;0.6
2023-06-19 10:41:14;0.6
2023-06-19 10:41:37;0.6
2023-06-19 10:42:03;0.6
2023-06-19 10:42:22;0.6
2023-06-19 10:42:42;0.6
2023-06-19 10:43:02;0.6
2023-06-19 10:43:22;0.6
2023-06-19 10:45:15;0.5
2023-06-19 10:45:25;0.5
2023-06-19 10:45:36;0.6
2023-06-19 10:45:46;0.6
2023-06-19 10:45:56;0.5
2023-06-19 10:46:05;0.5
2023-06-19 10:46:15;0.5
2023-06-19 10:46:25;0.5
2023-06-19 10:46:35;0.5
2023-06-19 10:46:45;0.5
2023-06-19 10:46:54;0.5
2023-06-19 10:47:04;0.4
2023-06-19 10:47:13;0.5
2023-06-19 10:47:24;0.5
2023-06-19 10:47:35;0.5
2023-06-19 10:47:46;0.5
2023-06-19 10:47:56;0.5
2023-06-19 10:48:07;0.4
2023-06-19 10:48:17;0.4
2023-06-19 10:48:27;0.5
2023-06-19 10:48:37;0.5
2023-06-19 10:48:47;0.5
2023-06-19 10:48:57;0.5
2023-06-19 10:49:07;0.5
2023-06-19 10:49:16;0.5
2023-06-19 10:49:26;0.5
2023-06-19 10:49:36;0.5
2023-06-19 10:49:46;0.5
2023-06-19 10:49:56;0.6
2023-06-19 10:50:06;0.5
2023-06-19 10:50:16;0.5
2023-06-19 10:50:26;0.6
2023-06-19 10:50:36;0.6
2023-06-19 10:50:46;0.6
2023-06-19 10:50:56;0.6
2023-06-19 10:51:06;0.6
2023-06-19 10:51:16;0.6
2023-06-19 10:51:26;0.6
2023-06-19 10:51:35;0.5
2023-06-19 10:51:45;0.5
2023-06-19 10:51:55;0.6
2023-06-19 10:52:06;0.6
2023-06-19 10:52:19;0.5
2023-06-19 10:52:29;0.6
2023-06-19 10:52:40;0.4
2023-06-19 10:52:50;0.6
2023-06-19 10:53:01;0.6
2023-06-19 10:53:12;0.6
2023-06-19 10:53:21;0.6
2023-06-19 10:53:31;0.5
2023-06-19 10:53:41;0.6
2023-06-19 10:53:51;0.6
2023-06-19 10:54:01;0.6
2023-06-19 10:54:12;0.4
2023-06-19 10:54:24;0.5
2023-06-19 10:54:33;0.5
2023-06-19 10:54:43;0.5
2023-06-19 10:54:53;0.6
2023-06-19 10:55:03;0.5
2023-06-19 10:55:14;0.4
2023-06-19 10:55:24;0.5
2023-06-19 10:55:35;0.5
2023-06-19 10:55:46;0.5
2023-06-19 10:55:56;0.5
2023-06-19 10:56:06;0.5
2023-06-19 10:56:17;0.5
2023-06-19 10:56:29;0.4
2023-06-19 10:56:39;0.5
2023-06-19 10:56:50;0.5
2023-06-19 10:57:01;0.5
2023-06-19 10:57:12;0.5
2023-06-19 10:57:23;0.5
2023-06-19 10:57:35;0.5
2023-06-19 10:57:46;0.5
2023-06-19 10:57:57;0.6
2023-06-19 10:58:08;0.5
2023-06-19 10:58:19;0.5
2023-06-19 10:58:32;0.5
2023-06-19 10:58:44;0.5
2023-06-19 10:58:57;0.5
2023-06-19 10:59:12;0.5
2023-06-19 10:59:25;0.5
2023-06-19 10:59:38;0.6
2023-06-19 10:59:51;0.5
2023-06-19 11:00:04;0.5
2023-06-19 11:00:18;0.6
2023-06-19 11:00:30;0.5
2023-06-19 11:00:44;0.5
2023-06-19 11:00:56;0.6
2023-06-19 11:01:08;0.5
2023-06-19 11:01:21;0.6
2023-06-19 11:01:34;0.5
2023-06-19 11:01:47;0.6
2023-06-19 11:01:59;0.6
2023-06-19 11:02:12;0.5
2023-06-19 11:02:25;0.6
2023-06-19 11:02:39;0.6
2023-06-19 11:02:53;0.6
2023-06-19 11:03:07;0.6
2023-06-19 11:03:20;0.6
2023-06-19 11:03:34;0.6
2023-06-19 11:03:50;0.4
2023-06-19 11:04:08;0.5
2023-06-19 11:04:22;0.6
2023-06-19 11:04:36;0.6
2023-06-19 11:04:52;0.5
2023-06-19 11:05:06;0.6
2023-06-19 11:05:19;0.6
2023-06-19 11:05:32;0.6
2023-06-19 11:05:46;0.6
2023-06-19 11:06:01;0.6
2023-06-19 11:06:17;0.6
2023-06-19 11:06:33;0.6
2023-06-19 11:06:59;0.5
2023-06-19 11:07:27;0.5
2023-06-19 11:07:43;0.6
2023-06-19 11:07:59;0.6
2023-06-19 11:08:16;0.6
2023-06-19 11:08:33;0.5
2023-06-19 11:08:49;0.5
2023-06-19 11:09:05;0.5
2023-06-19 11:09:24;0.6
2023-06-19 11:09:41;0.5
2023-06-19 11:10:09;0.6
2023-06-19 11:10:33;0.5
2023-06-19 11:10:50;0.5
2023-06-19 11:11:23;0.5
2023-06-19 11:11:42;0.5
2023-06-19 11:12:15;0.5
2023-06-19 11:12:34;0.5
2023-06-19 11:12:54;0.5
2023-06-19 11:13:09;0.5
2023-06-19 11:13:26;0.5
2023-06-19 11:13:43;0.5
2023-06-19 11:14:01;0.5
2023-06-19 11:14:19;0.5
2023-06-19 11:14:37;0.5
2023-06-19 11:14:57;0.5
2023-06-19 11:15:16;0.5
2023-06-19 11:15:34;0.5
2023-06-19 11:15:53;0.5
2023-06-19 11:16:12;0.5
2023-06-19 11:16:31;0.5
2023-06-19 11:16:51;0.5
2023-06-19 11:17:11;0.5
2023-06-19 11:17:31;0.5
2023-06-19 11:18:01;0.5
2023-06-19 11:18:24;0.5
2023-06-19 11:18:43;0.5
2023-06-19 11:19:02;0.5
2023-06-19 11:19:22;0.5
2023-06-19 11:19:41;0.5
2023-06-19 11:20:02;0.6
2023-06-19 11:20:23;0.5
2023-06-19 11:20:41;0.5
2023-06-19 11:21:00;0.5
2023-06-19 11:21:18;0.6
2023-06-19 11:21:36;0.5
2023-06-19 11:21:52;0.5
2023-06-19 11:22:10;0.5
2023-06-19 11:22:27;0.5
2023-06-19 11:22:46;0.6
2023-06-19 11:23:04;0.5
2023-06-19 11:23:22;0.5
2023-06-19 11:23:41;0.5
2023-06-19 11:24:00;0.5
2023-06-19 11:24:22;0.5
2023-06-19 11:24:48;0.5
2023-06-19 11:25:07;0.5
2023-06-19 11:25:25;0.5
2023-06-19 11:25:44;0.5
2023-06-19 11:26:03;0.5
2023-06-19 11:26:22;0.5
2023-06-19 11:26:40;0.5
2023-06-19 11:27:00;0.5
2023-06-19 11:27:19;0.5
2023-06-19 11:27:37;0.5
2023-06-19 11:27:57;0.5
2023-06-19 11:28:16;0.5
2023-06-19 11:28:34;0.5
2023-06-19 11:28:54;0.5
2023-06-19 11:29:14;0.5
2023-06-19 11:29:32;0.5
2023-06-19 11:29:51;0.5
2023-06-19 11:30:11;0.5
2023-06-19 11:30:31;0.5
2023-06-19 11:30:49;0.5
2023-06-19 11:31:09;0.5
2023-06-19 11:31:29;0.5
2023-06-19 11:31:47;0.5
2023-06-19 11:32:06;0.5
2023-06-19 11:32:27;0.5
2023-06-19 11:32:45;0.5
2023-06-19 11:33:05;0.5
2023-06-19 11:33:25;0.5
2023-06-19 11:33:45;0.5
2023-06-19 11:34:04;0.5
2023-06-19 11:34:25;0.5
2023-06-19 11:34:44;0.5
2023-06-19 11:35:04;0.5
2023-06-19 11:35:23;0.5
2023-06-19 11:35:48;0.5
2023-06-19 11:36:07;0.5
2023-06-19 11:36:27;0.5
2023-06-19 11:36:47;0.5
2023-06-19 11:37:07;0.5
2023-06-19 11:37:26;0.5
2023-06-19 11:37:46;0.6
2023-06-19 11:38:08;0.5
2023-06-19 11:38:28;0.5
2023-06-19 11:38:49;0.6
2023-06-19 11:39:10;0.5
2023-06-19 11:39:31;0.5
2023-06-19 11:39:51;0.5
2023-06-19 11:40:11;0.5
2023-06-19 11:40:31;0.5
2023-06-19 11:40:52;0.5
2023-06-19 11:41:13;0.5
2023-06-19 11:41:33;0.6
2023-06-19 11:41:52;0.5
2023-06-19 11:42:13;0.6
2023-06-19 11:42:34;0.6
2023-06-19 11:42:56;0.6
2023-06-19 11:43:19;0.5
2023-06-19 11:43:39;0.6
2023-06-19 11:43:59;0.6
2023-06-19 11:44:20;0.5
2023-06-19 11:44:41;0.6
2023-06-19 11:45:01;0.5
2023-06-19 11:45:22;0.5
2023-06-19 11:45:43;0.6
2023-06-19 11:46:04;0.5
2023-06-19 11:46:25;0.5
2023-06-19 11:46:46;0.6
2023-06-19 11:47:06;0.6
2023-06-19 11:47:27;0.5
2023-06-19 11:47:49;0.5
2023-06-19 11:48:10;0.5
2023-06-19 11:48:31;0.5
2023-06-19 11:48:53;0.6
2023-06-19 11:49:14;0.5
2023-06-19 11:49:34;0.5
2023-06-19 11:49:56;0.5
2023-06-19 11:50:17;0.5
2023-06-19 11:50:39;0.5
2023-06-19 11:51:00;0.5
2023-06-19 11:51:21;0.5
2023-06-19 11:51:42;0.6
2023-06-19 11:52:04;0.5
2023-06-19 11:52:25;0.5
2023-06-19 11:52:46;0.5
2023-06-19 11:53:08;0.5
2023-06-19 11:53:29;0.5
2023-06-19 11:53:50;0.6
2023-06-19 11:54:11;0.6
2023-06-19 11:54:33;0.5
2023-06-19 11:54:54;0.5
2023-06-19 11:55:16;0.5
2023-06-19 11:55:37;0.6
2023-06-19 11:55:59;0.5
2023-06-19 11:56:20;0.5
2023-06-19 11:56:42;0.6
2023-06-19 11:57:05;0.6
2023-06-19 11:57:27;0.5
2023-06-19 11:57:49;0.5
2023-06-19 11:58:10;0.5
2023-06-19 11:58:32;0.5
2023-06-19 11:58:54;0.6
2023-06-19 11:59:17;0.5
2023-06-19 11:59:40;0.5
2023-06-19 12:00:02;0.5
2023-06-19 12:00:25;0.5
2023-06-19 12:00:47;0.5
2023-06-19 12:01:10;0.5
2023-06-19 12:01:33;0.5
2023-06-19 12:01:55;0.6
2023-06-19 12:02:17;0.5
2023-06-19 12:02:40;0.6
2023-06-19 12:03:02;0.5
2023-06-19 12:03:25;0.5
2023-06-19 12:03:48;0.5
2023-06-19 12:04:11;0.5
2023-06-19 12:04:34;0.5
2023-06-19 12:04:56;0.5
2023-06-19 12:05:20;0.5
2023-06-19 12:05:43;0.6
2023-06-19 12:06:06;0.5
2023-06-19 12:06:30;0.5
2023-06-19 12:06:53;0.6
2023-06-19 12:07:16;0.5
2023-06-19 12:07:39;0.5
2023-06-19 12:08:02;0.5
2023-06-19 12:08:25;0.5
2023-06-19 12:08:48;0.6
2023-06-19 12:09:11;0.6
2023-06-19 12:09:36;0.5
2023-06-19 12:09:59;0.5
2023-06-19 12:10:24;0.6
2023-06-19 12:10:55;0.5
2023-06-19 12:11:21;0.5
2023-06-19 12:11:47;0.5
2023-06-19 12:12:13;0.5
2023-06-19 12:12:39;0.5
2023-06-19 12:13:05;0.5
2023-06-19 12:13:30;0.5
2023-06-19 12:14:00;0.5
2023-06-19 12:14:28;0.6
2023-06-19 12:14:57;0.5
2023-06-19 12:15:24;0.5
2023-06-19 12:15:51;0.6
2023-06-19 12:16:20;0.5
2023-06-19 12:16:52;0.5
2023-06-19 12:17:18;0.5
2023-06-19 12:17:43;0.5
2023-06-19 12:18:09;0.5
2023-06-19 12:18:35;0.5
2023-06-19 12:19:00;0.5
2023-06-19 12:19:26;0.5
2023-06-19 12:19:57;0.5
2023-06-19 12:20:25;0.5
2023-06-19 12:20:51;0.5
2023-06-19 12:21:16;0.6
2023-06-19 12:21:43;0.5
2023-06-19 12:22:10;0.5
2023-06-19 12:22:36;0.5
2023-06-19 12:23:02;0.5
2023-06-19 12:23:32;0.5
2023-06-19 12:24:04;0.6
2023-06-19 12:24:35;0.6
2023-06-19 12:25:07;0.5
2023-06-19 12:25:34;0.6
2023-06-19 12:26:02;0.5
2023-06-19 12:26:31;0.5
2023-06-19 12:27:01;0.5
2023-06-19 12:27:28;0.5
2023-06-19 12:27:56;0.5
2023-06-19 12:28:27;0.5
2023-06-19 12:28:55;0.5
2023-06-19 12:29:22;0.5
2023-06-19 12:29:53;0.5
2023-06-19 12:30:26;0.5
2023-06-19 12:30:56;0.5
2023-06-19 12:31:27;0.5
2023-06-19 12:31:56;0.5
2023-06-19 12:32:26;0.5
2023-06-19 12:32:58;0.5
2023-06-19 12:33:33;0.5
2023-06-19 12:34:03;0.5
2023-06-19 12:34:34;0.5
2023-06-19 12:35:04;0.5
2023-06-19 12:35:35;0.5
2023-06-19 12:36:07;0.5
2023-06-19 12:36:37;0.5
2023-06-19 12:37:11;0.5
2023-06-19 12:37:45;0.5
2023-06-19 12:38:16;0.5
2023-06-19 12:38:44;0.5
2023-06-19 12:39:13;0.5
2023-06-19 12:39:42;0.5
2023-06-19 12:40:11;0.5
2023-06-19 12:40:40;0.5
2023-06-19 12:41:10;0.6
2023-06-19 12:41:39;0.5
2023-06-19 12:42:08;0.5
2023-06-19 12:42:37;0.5
2023-06-19 12:43:06;0.5
2023-06-19 12:43:40;0.5
2023-06-19 12:44:09;0.5
2023-06-19 12:44:39;0.5
2023-06-19 12:45:08;0.5
2023-06-19 12:45:37;0.5
2023-06-19 12:46:07;0.5
2023-06-19 12:46:39;0.5
2023-06-19 12:47:08;0.5
2023-06-19 12:47:37;0.5
2023-06-19 12:48:14;0.5
2023-06-19 12:48:46;0.5
2023-06-19 12:49:16;0.5
2023-06-19 12:49:48;0.5
2023-06-19 12:50:19;0.4
2023-06-19 12:50:48;0.5
2023-06-19 12:51:20;0.4
2023-06-19 12:51:50;0.4
2023-06-19 12:52:19;0.5
2023-06-19 12:52:49;0.5
2023-06-19 12:53:21;0.4
2023-06-19 12:53:51;0.5
2023-06-19 12:54:22;0.4
2023-06-19 12:54:51;0.5
2023-06-19 12:55:22;0.5
2023-06-19 12:55:57;0.6
2023-06-19 12:56:27;0.5
2023-06-19 12:56:57;0.6
2023-06-19 12:57:30;0.5
2023-06-19 12:58:02;0.6
2023-06-19 12:58:35;0.6
2023-06-19 12:59:08;0.5
2023-06-19 12:59:37;0.6
2023-06-19 13:00:10;0.4
2023-06-19 13:00:40;0.5
2023-06-19 13:01:12;0.6
2023-06-19 13:01:43;0.4
2023-06-19 13:02:19;0.5
2023-06-19 13:02:55;0.5
2023-06-19 13:03:28;0.5
2023-06-19 13:03:59;0.5
2023-06-19 13:04:31;0.5
2023-06-19 13:05:02;0.5
2023-06-19 13:05:34;0.7
2023-06-19 13:06:06;0.7
2023-06-19 13:06:39;0.6
2023-06-19 13:07:12;0.6
2023-06-19 13:07:45;0.5
2023-06-19 13:08:18;0.7
2023-06-19 13:08:50;0.7
2023-06-19 13:09:23;0.6
2023-06-19 13:09:56;0.7
2023-06-19 13:10:28;0.7
2023-06-19 13:11:01;0.7
2023-06-19 13:11:34;0.7
2023-06-19 13:12:08;0.7
2023-06-19 13:42:34;0.4
2023-06-19 13:42:44;0.4
2023-06-19 13:42:55;0.3
2023-06-19 13:43:06;0.4
2023-06-19 13:43:16;0.4
2023-06-19 13:43:27;0.5
2023-06-19 13:43:37;0.4
2023-06-19 13:43:46;0.4
2023-06-19 13:43:57;0.4
2023-06-19 13:44:06;0.4
2023-06-19 13:44:16;0.4
2023-06-19 13:44:27;0.4
2023-06-19 13:44:37;0.4
2023-06-19 13:44:47;0.4
2023-06-19 13:44:57;0.5
2023-06-19 13:45:07;0.4
2023-06-19 13:45:17;0.4
2023-06-19 13:45:27;0.4
2023-06-19 13:45:38;0.4
2023-06-19 13:45:48;0.4
2023-06-19 13:45:59;0.4
2023-06-19 13:46:09;0.4
2023-06-19 13:46:19;0.4
2023-06-19 13:46:29;0.4
2023-06-19 13:46:39;0.4
2023-06-19 13:46:49;0.4
2023-06-19 13:46:59;0.4
2023-06-19 13:47:10;0.4
2023-06-19 13:47:20;0.4
2023-06-19 13:47:31;0.4
2023-06-19 13:47:41;0.4
2023-06-19 13:47:51;0.4
2023-06-19 13:48:00;0.4
2023-06-19 13:48:10;0.4
2023-06-19 13:48:21;0.4
2023-06-19 13:48:31;0.4
2023-06-19 13:48:41;0.4
2023-06-19 13:48:52;0.4
2023-06-19 13:49:02;0.4
2023-06-19 13:49:12;0.4
2023-06-19 13:49:22;0.4
2023-06-19 13:49:33;0.4
2023-06-19 13:49:43;0.4
2023-06-19 13:49:54;0.4
2023-06-19 13:50:04;0.4
2023-06-19 13:50:14;0.4
2023-06-19 13:50:25;0.4
2023-06-19 13:50:36;0.4
2023-06-19 13:50:46;0.4
2023-06-19 13:50:57;0.4
2023-06-19 13:51:09;0.4
2023-06-19 13:51:28;0.4
2023-06-19 13:51:47;0.4
2023-06-19 13:52:02;0.4
2023-06-19 13:52:25;0.4
2023-06-19 13:52:42;0.5
2023-06-19 13:52:55;0.4
2023-06-19 13:53:20;0.4
2023-06-19 13:53:34;0.4
2023-06-19 13:53:46;0.4
2023-06-19 13:53:58;0.4
2023-06-19 13:54:23;0.4
2023-06-19 13:54:36;0.4
2023-06-19 13:54:47;0.4
2023-06-19 13:54:59;0.4
2023-06-19 13:55:15;0.4
2023-06-19 13:55:31;0.4
2023-06-19 13:55:42;0.4
2023-06-19 13:55:54;0.4
2023-06-19 14:31:54;0.4
2023-06-19 14:32:04;0.4
2023-06-19 14:32:15;0.4
2023-06-19 14:32:25;0.5
2023-06-19 14:32:36;0.4
2023-06-19 14:32:46;0.4
2023-06-19 14:32:57;0.4
2023-06-19 14:33:07;0.5
2023-06-19 14:33:17;0.6
2023-06-19 14:33:28;0.5
2023-06-19 14:33:40;0.4
2023-06-19 14:33:50;0.5
2023-06-19 14:34:01;0.3
2023-06-19 14:34:10;0.5
2023-06-19 14:34:21;0.4
2023-06-19 14:34:31;0.4
2023-06-19 14:34:42;0.4
2023-06-19 14:34:53;0.4
2023-06-19 14:35:04;0.4
2023-06-19 14:35:15;0.5
2023-06-19 14:35:26;0.4
2023-06-19 14:35:36;0.4
2023-06-19 14:35:47;0.5
2023-06-19 14:35:58;0.4
2023-06-19 14:36:08;0.4
2023-06-19 14:36:18;0.4
2023-06-19 14:36:29;0.5
2023-06-19 14:36:39;0.3
2023-06-19 14:36:49;0.6
2023-06-19 14:36:59;0.4
2023-06-19 14:37:09;0.4
2023-06-19 14:37:19;0.4
2023-06-19 14:37:29;0.4
2023-06-19 14:37:39;0.5
2023-06-19 14:37:50;0.5
2023-06-19 14:38:03;0.4
2023-06-19 14:38:21;0.4
2023-06-19 14:38:39;0.4
2023-06-19 14:38:53;0.5
2023-06-19 14:39:05;0.5
2023-06-19 14:39:18;0.5
2023-06-19 14:39:32;0.5
2023-06-19 14:39:49;0.5
2023-06-19 14:40:02;0.6
2023-06-19 14:40:14;0.5
2023-06-19 14:40:24;0.5
2023-06-19 14:40:34;0.5
2023-06-19 14:40:45;0.5
2023-06-19 14:40:56;0.5
2023-06-19 14:41:06;0.5
2023-06-19 14:41:17;0.5
2023-06-19 14:41:28;0.5
2023-06-19 14:41:38;0.5
2023-06-19 14:41:48;0.5
2023-06-19 14:42:00;0.5
2023-06-19 14:42:11;0.6
2023-06-19 14:42:23;0.5
2023-06-19 14:42:33;0.6
2023-06-19 14:42:43;0.5
2023-06-19 14:42:54;0.6
2023-06-19 14:43:05;0.3
2023-06-19 14:43:16;0.6
2023-06-19 14:43:28;0.6
2023-06-19 14:43:39;0.5
2023-06-19 14:43:50;0.5
2023-06-19 14:44:01;0.5
2023-06-19 14:44:12;0.5
2023-06-19 14:44:23;0.5
2023-06-19 14:44:35;0.5
2023-06-19 14:44:46;0.5
2023-06-19 14:44:57;0.5
2023-06-19 14:45:08;0.5
2023-06-19 14:45:20;0.5
2023-06-19 14:45:32;0.5
2023-06-19 14:45:44;0.5
2023-06-19 14:45:55;0.6
2023-06-19 14:46:06;0.5
2023-06-19 14:46:17;0.5
2023-06-19 14:46:29;0.5
2023-06-19 14:46:41;0.6
2023-06-19 14:46:52;0.6
2023-06-19 14:47:04;0.6
2023-06-19 14:47:16;0.5
2023-06-19 14:47:29;0.5
2023-06-19 14:47:43;0.4
2023-06-19 14:47:58;0.6
2023-06-19 14:48:11;0.5
2023-06-19 14:48:26;0.5
2023-06-19 14:48:41;0.5
2023-06-19 14:48:55;0.5
2023-06-19 14:49:09;0.5
2023-06-19 14:49:22;0.5
2023-06-19 14:49:35;0.5
2023-06-19 14:49:50;0.5
2023-06-19 14:50:04;0.5
2023-06-19 14:50:20;0.5
2023-06-19 14:50:37;0.5
2023-06-19 14:50:55;0.5
2023-06-19 14:51:13;0.5
2023-06-19 14:51:29;0.4
2023-06-19 14:51:44;0.5
2023-06-19 14:52:00;0.4
2023-06-19 14:52:17;0.4
2023-06-19 14:52:35;0.5
2023-06-19 14:52:51;0.4
2023-06-19 14:53:08;0.4
2023-06-19 14:53:26;0.4
2023-06-19 14:53:42;0.4
2023-06-19 14:54:00;0.4
2023-06-19 14:54:21;0.4
2023-06-19 14:54:39;0.4
2023-06-19 14:54:55;0.4
2023-06-19 14:55:12;0.4
2023-06-19 14:55:28;0.4
2023-06-19 14:55:44;0.4
2023-06-19 14:56:01;0.4
2023-06-19 14:56:17;0.5
2023-06-19 14:56:33;0.4
2023-06-19 14:56:49;0.4
2023-06-19 14:57:05;0.5
2023-06-19 14:57:22;0.5
2023-06-19 14:57:39;0.5
2023-06-19 14:57:56;0.4
2023-06-19 14:58:14;0.5
2023-06-19 14:58:31;0.4
2023-06-19 14:58:48;0.5
2023-06-19 14:59:05;0.3
2023-06-19 14:59:21;0.3
2023-06-19 14:59:38;0.3
2023-06-19 14:59:54;0.4
2023-06-19 15:00:12;0.4
2023-06-19 15:00:31;0.4
2023-06-19 15:00:50;0.4
2023-06-19 15:01:09;0.4
2023-06-19 15:01:28;0.4
2023-06-19 15:01:50;0.5
2023-06-19 15:02:11;0.5
2023-06-19 15:02:30;0.5
2023-06-19 15:02:50;0.5
2023-06-19 15:03:09;0.5
2023-06-19 15:03:29;0.6
2023-06-19 15:03:49;0.5
2023-06-19 15:04:08;0.6
2023-06-19 15:04:27;0.6
2023-06-19 15:04:46;0.6
2023-06-19 15:05:05;0.5
2023-06-19 15:05:25;0.5
2023-06-19 15:05:43;0.5
2023-06-19 15:06:03;0.4
2023-06-19 15:06:22;0.6
2023-06-19 15:06:40;0.5
2023-06-19 15:06:59;0.4
2023-06-19 15:07:17;0.4
2023-06-19 15:07:36;0.4
2023-06-19 15:07:55;0.4
2023-06-19 15:08:14;0.4
2023-06-19 15:08:34;0.4
2023-06-19 15:08:53;0.4
2023-06-19 15:09:10;0.4
2023-06-19 15:09:27;0.5
2023-06-19 15:09:45;0.5
2023-06-19 15:10:05;0.5
2023-06-19 15:10:25;0.5
2023-06-19 15:10:45;0.3
2023-06-19 15:11:04;0.5
2023-06-19 15:11:24;0.5
2023-06-19 15:11:43;0.4
2023-06-19 15:12:03;0.5
2023-06-19 15:12:23;0.5
2023-06-19 15:12:43;0.4
2023-06-19 15:13:04;0.5
2023-06-19 15:13:25;0.3
2023-06-19 15:13:46;0.3
2023-06-19 15:14:05;0.4
2023-06-19 15:14:23;0.4
2023-06-19 15:14:41;0.4
2023-06-19 15:14:59;0.4
2023-06-19 15:15:19;0.4
2023-06-19 15:15:38;0.4
2023-06-19 15:15:57;0.4
2023-06-19 15:16:17;0.3
2023-06-19 15:16:37;0.3
2023-06-19 15:16:59;0.5
2023-06-19 15:17:21;0.3
2023-06-19 15:17:39;0.4
2023-06-19 15:17:58;0.4
2023-06-19 15:18:17;0.5
2023-06-19 15:18:39;0.6
2023-06-19 15:18:59;0.4
2023-06-19 15:19:18;0.4
2023-06-19 15:19:38;0.4
2023-06-19 15:19:59;0.4
2023-06-19 15:20:21;0.4
2023-06-19 15:20:41;0.4
2023-06-19 15:20:59;0.6
2023-06-19 15:21:17;0.6
2023-06-19 15:21:37;0.6
2023-06-19 15:21:55;0.5
2023-06-19 15:22:14;0.5
2023-06-19 16:02:44;0.6
2023-06-19 16:02:54;0.6
2023-06-19 16:03:04;0.6
2023-06-19 16:03:14;0.6
2023-06-19 16:03:24;0.6
2023-06-19 16:03:35;0.6
2023-06-19 16:03:45;0.6
2023-06-19 16:03:55;0.6
2023-06-19 16:04:06;0.6
2023-06-19 16:04:16;0.6
2023-06-19 16:04:27;0.6
2023-06-19 16:04:37;0.6
2023-06-19 16:04:47;0.6
2023-06-19 16:04:57;0.6
2023-06-19 16:05:08;0.6
2023-06-19 16:05:18;0.6
2023-06-19 16:05:29;0.6
2023-06-19 16:05:39;0.6
2023-06-19 16:05:50;0.6
2023-06-19 16:06:00;0.6
2023-06-19 16:06:11;0.6
2023-06-19 16:06:21;0.6
2023-06-19 16:06:30;0.6
2023-06-19 16:06:41;0.6
2023-06-19 16:06:51;0.6
2023-06-19 16:07:02;0.6
2023-06-19 16:07:13;0.6
2023-06-19 16:07:24;0.6
2023-06-19 16:07:36;0.6
2023-06-19 16:07:48;0.7
2023-06-19 16:08:00;0.6
2023-06-19 16:08:12;0.6
2023-06-19 16:08:24;0.5
2023-06-19 16:08:34;0.6
2023-06-19 16:08:45;0.5
2023-06-19 16:08:56;0.6
2023-06-19 16:09:06;0.6
2023-06-19 16:09:16;0.6
2023-06-19 16:09:28;0.6
2023-06-19 16:09:39;0.6
2023-06-19 16:09:49;0.6
2023-06-19 16:10:02;0.6
2023-06-19 16:10:14;0.6
2023-06-19 16:10:25;0.5
2023-06-19 16:10:37;0.6
2023-06-19 16:10:48;0.6
2023-06-19 16:10:58;0.6
2023-06-19 16:11:08;0.6
2023-06-19 16:11:19;0.5
2023-06-19 16:11:29;0.6
2023-06-19 16:11:39;0.5
2023-06-19 16:11:49;0.7
2023-06-19 16:11:59;0.5
2023-06-19 16:12:09;0.6
2023-06-19 16:12:21;0.6
2023-06-19 16:12:33;0.7
2023-06-19 16:12:45;0.6
2023-06-19 16:12:55;0.7
2023-06-19 16:13:05;0.4
2023-06-19 16:13:15;0.4
2023-06-19 16:13:26;0.6
2023-06-19 16:13:38;0.6
2023-06-19 16:13:50;0.6
2023-06-19 16:14:01;0.5
2023-06-19 16:14:11;0.5
2023-06-19 16:14:21;0.4
2023-06-19 16:14:32;0.4
2023-06-19 16:14:42;0.4
2023-06-19 16:14:53;0.6
2023-06-19 16:15:04;0.5
2023-06-19 16:15:14;0.5
2023-06-19 16:15:25;0.6
2023-06-19 16:15:35;0.6
2023-06-19 16:15:46;0.6
2023-06-19 16:15:57;0.5
2023-06-19 16:16:08;0.6
2023-06-19 16:16:19;0.6
2023-06-19 16:16:30;0.6
2023-06-19 16:16:42;0.7
2023-06-19 16:16:53;0.6
2023-06-19 16:17:04;0.5
2023-06-19 16:17:16;0.5
2023-06-19 16:17:29;0.5
2023-06-19 16:17:41;0.5
2023-06-19 16:17:54;0.5
2023-06-19 16:18:07;0.5
2023-06-19 16:18:20;0.6
2023-06-19 16:18:35;0.6
2023-06-19 16:18:49;0.6
2023-06-19 16:19:03;0.6
2023-06-19 16:19:18;0.6
2023-06-19 16:19:32;0.6
2023-06-19 16:19:47;0.6
2023-06-19 16:20:04;0.6
2023-06-19 16:20:21;0.6
2023-06-19 16:20:35;0.6
2023-06-19 16:20:49;0.6
2023-06-19 16:21:04;0.6
2023-06-19 16:21:19;0.5
2023-06-19 16:21:34;0.6
2023-06-19 16:21:49;0.6
2023-06-19 16:22:04;0.6
2023-06-19 16:22:20;0.6
2023-06-19 16:22:35;0.5
2023-06-19 16:22:51;0.7
2023-06-19 16:23:07;0.6
2023-06-19 16:23:24;0.6
2023-06-19 16:23:40;0.6
2023-06-19 16:23:57;0.6
2023-06-19 16:24:14;0.6
2023-06-19 16:24:29;0.6
2023-06-19 16:24:46;0.6
2023-06-19 16:25:03;0.6
2023-06-19 16:25:21;0.6
2023-06-19 16:25:38;0.5
2023-06-19 16:25:56;0.6
2023-06-19 16:26:18;0.7
2023-06-19 16:26:37;0.7
2023-06-19 16:26:54;0.6
2023-06-19 16:27:11;0.6
2023-06-19 16:27:28;0.6
2023-06-19 16:27:43;0.6
2023-06-19 16:28:00;0.6
2023-06-19 16:28:16;0.7
2023-06-19 16:28:32;0.6
2023-06-19 16:28:48;0.7
2023-06-19 16:29:04;0.5
2023-06-19 16:29:20;0.5
2023-06-19 16:29:36;0.6
2023-06-19 16:29:51;0.5
2023-06-19 16:30:07;0.5
2023-06-19 16:30:24;0.6
2023-06-19 16:30:40;0.7
2023-06-19 16:30:56;0.6
2023-06-19 16:31:13;0.6
2023-06-19 16:31:29;0.6
2023-06-19 16:31:45;0.7
2023-06-19 16:32:01;0.6
2023-06-19 16:32:18;0.6
2023-06-19 16:32:34;0.4
2023-06-19 16:32:52;0.5
2023-06-19 16:33:11;0.5
2023-06-19 16:33:30;0.5
2023-06-19 16:33:49;0.6
2023-06-19 16:34:08;0.5
2023-06-19 16:34:24;0.5
2023-06-19 16:34:41;0.5
2023-06-19 16:34:57;0.7
2023-06-19 16:35:14;0.5
2023-06-19 16:35:31;0.7
2023-06-19 16:35:48;0.6
2023-06-19 16:36:04;0.5
2023-06-19 16:36:22;0.6
2023-06-19 16:36:41;0.7
2023-06-19 16:36:58;0.6
2023-06-19 16:37:16;0.6
2023-06-19 16:37:32;0.6
2023-06-19 16:37:50;0.6
2023-06-19 16:38:07;0.7
2023-06-19 16:38:25;0.7
2023-06-19 16:38:42;0.7
2023-06-19 16:39:00;0.7
2023-06-19 16:39:19;0.6
2023-06-19 16:39:36;0.7
2023-06-19 16:39:53;0.6
2023-06-19 16:40:12;0.6
2023-06-19 16:40:30;0.6
2023-06-19 16:40:47;0.6
2023-06-19 16:41:05;0.6
2023-06-19 16:41:24;0.6
2023-06-19 16:41:43;0.7
2023-06-19 16:42:01;0.6
2023-06-19 16:42:20;0.6
2023-06-19 16:42:38;0.6
2023-06-19 16:42:57;0.7
2023-06-19 16:43:15;0.7
2023-06-19 16:43:34;0.6
2023-06-19 16:43:52;0.6
2023-06-19 16:44:12;0.7
2023-06-19 16:44:31;0.7
2023-06-19 16:44:49;0.6
2023-06-19 16:45:07;0.6
2023-06-19 16:45:25;0.6
2023-06-19 16:45:45;0.6
2023-06-19 16:46:03;0.6
2023-06-19 16:46:22;0.7
2023-06-19 16:46:41;0.6
2023-06-19 16:47:00;0.5
2023-06-19 16:47:18;0.6
2023-06-19 16:47:37;0.6
2023-06-19 16:47:56;0.6
2023-06-19 16:48:15;0.6
2023-06-19 16:48:34;0.6
2023-06-19 16:48:54;0.6
2023-06-19 16:49:13;0.6
2023-06-19 16:49:32;0.5
2023-06-19 16:49:52;0.6
2023-06-19 16:50:11;0.7
2023-06-19 16:50:30;0.6
2023-06-19 16:50:49;0.7
2023-06-19 16:51:10;0.7
2023-06-19 16:51:29;0.7
2023-06-19 16:51:48;0.7
2023-06-19 16:52:09;0.6
2023-06-19 16:52:28;0.5
2023-06-19 16:52:48;0.6
2023-06-19 16:53:10;0.7
2023-06-19 16:53:30;0.7
2023-06-19 16:53:50;0.7
2023-06-19 16:54:11;0.7
2023-06-19 16:54:31;0.7
2023-06-19 16:54:52;0.6
2023-06-19 16:55:11;0.6
2023-06-19 16:55:31;0.6
2023-06-19 16:55:51;0.7
2023-06-19 16:56:11;0.7
2023-06-19 16:56:32;0.6
2023-06-19 16:56:51;0.6
2023-06-19 16:57:12;0.7
2023-06-19 16:57:33;0.7
2023-06-19 16:57:53;0.6
2023-06-19 16:58:13;0.6
2023-06-19 16:58:35;0.7
2023-06-19 16:58:55;0.7
2023-06-19 16:59:16;0.6
2023-06-19 16:59:37;0.5
2023-06-19 17:00:00;0.5
2023-06-19 17:00:22;0.5
2023-06-19 17:00:44;0.5
2023-06-19 17:01:06;0.6
2023-06-19 17:01:27;0.5
2023-06-19 17:01:48;0.7
2023-06-19 17:02:11;0.5
2023-06-19 17:02:32;0.5
2023-06-19 17:02:53;0.5
2023-06-19 17:03:16;0.5
2023-06-19 17:03:37;0.7
2023-06-19 17:03:57;0.5
2023-06-19 17:04:20;0.6
2023-06-19 17:04:41;0.7
2023-06-19 17:05:02;0.6
2023-06-19 17:05:25;0.7
2023-06-19 17:05:47;0.6
2023-06-19 17:06:08;0.6
2023-06-19 17:06:30;0.7
2023-06-19 17:06:52;0.7
2023-06-19 17:07:14;0.5
2023-06-19 17:07:35;0.7
2023-06-19 17:07:57;0.7
2023-06-19 17:08:18;0.6
2023-06-19 17:08:40;0.7
2023-06-19 17:09:02;0.6
2023-06-19 17:09:24;0.6
2023-06-19 17:09:46;0.7
2023-06-19 17:10:07;0.7
2023-06-19 17:10:29;0.7
2023-06-19 17:10:51;0.6
2023-06-19 17:11:13;0.7
2023-06-19 17:11:35;0.7
2023-06-19 17:11:57;0.6
2023-06-19 17:12:19;0.7
2023-06-19 17:12:40;0.7
2023-06-19 17:13:03;0.6
2023-06-19 17:13:24;0.7
2023-06-19 17:13:47;0.7
2023-06-19 17:14:10;0.7
2023-06-19 17:14:32;0.7
2023-06-19 17:14:54;0.7
2023-06-19 17:15:16;0.6
2023-06-19 17:15:38;0.6
2023-06-19 17:16:00;0.7
2023-06-19 17:16:23;0.6
2023-06-19 17:16:46;0.7
2023-06-19 17:17:08;0.5
2023-06-19 17:17:31;0.6
2023-06-19 17:17:53;0.7
2023-06-19 17:18:17;0.6
2023-06-19 17:18:40;0.6
2023-06-19 17:19:02;0.6
2023-06-19 17:19:26;0.6
2023-06-19 17:19:50;0.7
2023-06-19 17:20:15;0.5
2023-06-19 17:20:41;0.5
2023-06-19 17:21:06;0.6
2023-06-19 17:21:32;0.5
2023-06-19 17:21:57;0.5
2023-06-19 17:22:22;0.3
2023-06-19 17:22:50;0.5
2023-06-19 17:23:17;0.5
2023-06-19 17:23:50;0.5
2023-06-19 17:24:20;0.4
2023-06-19 17:25:08;0.4
2023-06-19 17:25:58;0.3
2023-06-19 17:26:34;0.3
2023-06-19 17:27:04;0.3
2023-06-19 17:27:33;0.4
2023-06-19 17:27:59;0.4
2023-06-19 17:28:26;0.4
2023-06-19 17:28:52;0.4
2023-06-19 17:29:19;0.4
2023-06-19 17:29:43;0.4
2023-06-19 17:30:06;0.4
2023-06-19 17:30:31;0.4
2023-06-19 17:30:55;0.4
2023-06-19 17:31:19;0.3
2023-06-19 17:31:44;0.3
2023-06-19 17:32:09;0.4
2023-06-19 17:32:34;0.4
2023-06-19 17:33:04;0.4
2023-06-19 17:33:25;0.4